[
  {
    "model": "address.country",
    "pk": 1,
    "fields": {
      "created": "2023-07-18T16:40:55.132Z",
      "modified": "2023-07-18T16:40:55.132Z",
      "name": "ECUADOR",
      "is_active": true
    }
  },
  {
    "model": "address.country",
    "pk": 2,
    "fields": {
      "created": "2023-07-18T16:41:00.592Z",
      "modified": "2023-07-18T16:41:00.592Z",
      "name": "MEXICO",
      "is_active": true
    }
  },
  {
    "model": "address.country",
    "pk": 3,
    "fields": {
      "created": "2023-07-18T16:41:04.646Z",
      "modified": "2023-07-18T16:41:04.646Z",
      "name": "ESPAÑA",
      "is_active": true
    }
  },
  {
    "model": "address.country",
    "pk": 4,
    "fields": {
      "created": "2023-07-18T16:41:12.284Z",
      "modified": "2023-07-18T16:41:12.284Z",
      "name": "PORTUGAL",
      "is_active": true
    }
  },
  {
    "model": "address.country",
    "pk": 5,
    "fields": {
      "created": "2023-07-18T16:41:19.068Z",
      "modified": "2023-07-18T16:41:19.068Z",
      "name": "NORUEGA",
      "is_active": true
    }
  },
  {
    "model": "address.province",
    "pk": 1,
    "fields": {
      "created": "2023-07-18T16:41:32.960Z",
      "modified": "2023-07-18T16:41:32.960Z",
      "name": "AZUAY",
      "is_active": true,
      "country": 1
    }
  },
  {
    "model": "address.province",
    "pk": 2,
    "fields": {
      "created": "2023-07-18T16:41:49.130Z",
      "modified": "2023-07-18T16:41:49.130Z",
      "name": "PICHINCHA",
      "is_active": true,
      "country": 1
    }
  },
  {
    "model": "address.province",
    "pk": 3,
    "fields": {
      "created": "2023-07-18T16:42:04.233Z",
      "modified": "2023-07-18T16:42:04.233Z",
      "name": "GUAYAS",
      "is_active": true,
      "country": 1
    }
  },
  {
    "model": "address.province",
    "pk": 4,
    "fields": {
      "created": "2023-07-18T16:42:10.220Z",
      "modified": "2023-07-18T16:42:10.220Z",
      "name": "LOJA",
      "is_active": true,
      "country": 1
    }
  },
  {
    "model": "address.province",
    "pk": 5,
    "fields": {
      "created": "2023-07-18T16:42:17.836Z",
      "modified": "2023-07-18T16:42:17.836Z",
      "name": "MANABÍ",
      "is_active": true,
      "country": 1
    }
  },
  {
    "model": "address.province",
    "pk": 6,
    "fields": {
      "created": "2023-07-18T16:42:23.730Z",
      "modified": "2023-07-18T16:42:23.730Z",
      "name": "ESMERALDAS",
      "is_active": true,
      "country": 1
    }
  },
  {
    "model": "address.province",
    "pk": 7,
    "fields": {
      "created": "2023-07-18T16:42:30.505Z",
      "modified": "2023-07-18T16:42:30.505Z",
      "name": "CAÑAR",
      "is_active": true,
      "country": 1
    }
  },
  {
    "model": "address.province",
    "pk": 8,
    "fields": {
      "created": "2023-07-18T16:42:36.891Z",
      "modified": "2023-07-18T16:42:36.891Z",
      "name": "AGUASCALIENTES",
      "is_active": true,
      "country": 2
    }
  },
  {
    "model": "address.province",
    "pk": 9,
    "fields": {
      "created": "2023-07-18T16:42:43.101Z",
      "modified": "2023-07-18T16:42:43.101Z",
      "name": "CIUDAD DE MÉXICO",
      "is_active": true,
      "country": 2
    }
  },
  {
    "model": "address.province",
    "pk": 10,
    "fields": {
      "created": "2023-07-18T16:42:53.522Z",
      "modified": "2023-07-18T16:42:53.522Z",
      "name": "BARCELONA",
      "is_active": true,
      "country": 3
    }
  },
  {
    "model": "address.province",
    "pk": 11,
    "fields": {
      "created": "2023-07-18T16:43:01.267Z",
      "modified": "2023-07-18T16:43:01.267Z",
      "name": "MADRID",
      "is_active": true,
      "country": 3
    }
  },
  {
    "model": "address.province",
    "pk": 12,
    "fields": {
      "created": "2023-07-18T16:43:08.041Z",
      "modified": "2023-07-18T16:43:08.041Z",
      "name": "ALICANTE",
      "is_active": true,
      "country": 3
    }
  },
  {
    "model": "address.province",
    "pk": 13,
    "fields": {
      "created": "2023-07-18T16:43:14.486Z",
      "modified": "2023-07-18T16:43:14.486Z",
      "name": "LISBOA",
      "is_active": true,
      "country": 4
    }
  },
  {
    "model": "address.province",
    "pk": 14,
    "fields": {
      "created": "2023-07-18T16:43:22.485Z",
      "modified": "2023-07-18T16:43:22.485Z",
      "name": "VERACRUZ",
      "is_active": true,
      "country": 2
    }
  },
  {
    "model": "address.city",
    "pk": 1,
    "fields": {
      "created": "2023-07-19T15:10:48.250Z",
      "modified": "2023-07-19T15:10:48.250Z",
      "name": "CUENCA",
      "is_active": true,
      "province": 1
    }
  },
  {
    "model": "address.city",
    "pk": 2,
    "fields": {
      "created": "2023-07-19T15:11:08.540Z",
      "modified": "2023-07-19T15:11:08.540Z",
      "name": "QUITO",
      "is_active": true,
      "province": 2
    }
  },
  {
    "model": "address.city",
    "pk": 3,
    "fields": {
      "created": "2023-07-19T15:11:29.660Z",
      "modified": "2023-07-19T15:11:29.660Z",
      "name": "GUAYAQUIL",
      "is_active": true,
      "province": 3
    }
  },
  {
    "model": "address.city",
    "pk": 4,
    "fields": {
      "created": "2023-07-19T15:11:38.062Z",
      "modified": "2023-07-19T15:11:38.062Z",
      "name": "CIUDAD DE MÉXICO",
      "is_active": true,
      "province": 9
    }
  },
  {
    "model": "address.city",
    "pk": 5,
    "fields": {
      "created": "2023-07-19T15:11:50.200Z",
      "modified": "2023-07-19T15:11:50.200Z",
      "name": "AGUASCALIENTES",
      "is_active": true,
      "province": 8
    }
  },
  {
    "model": "address.city",
    "pk": 6,
    "fields": {
      "created": "2023-07-19T15:11:58.982Z",
      "modified": "2023-07-19T15:11:58.982Z",
      "name": "MADRID",
      "is_active": true,
      "province": 11
    }
  },
  {
    "model": "address.city",
    "pk": 7,
    "fields": {
      "created": "2023-07-19T15:12:05.974Z",
      "modified": "2023-07-19T15:12:05.974Z",
      "name": "BARCELONA",
      "is_active": true,
      "province": 10
    }
  },
  {
    "model": "address.city",
    "pk": 8,
    "fields": {
      "created": "2023-07-19T15:12:21.757Z",
      "modified": "2023-07-19T15:12:21.757Z",
      "name": "ALICANTE",
      "is_active": true,
      "province": 12
    }
  },
  {
    "model": "address.city",
    "pk": 9,
    "fields": {
      "created": "2023-07-19T15:12:33.177Z",
      "modified": "2023-07-19T15:12:33.177Z",
      "name": "XALAPA-ENRÍQUEZ",
      "is_active": true,
      "province": 14
    }
  },
  {
    "model": "address.city",
    "pk": 10,
    "fields": {
      "created": "2023-07-19T15:12:43.500Z",
      "modified": "2023-07-19T15:12:43.500Z",
      "name": "ALCALÁ DE HENARES",
      "is_active": true,
      "province": 11
    }
  },
  {
    "model": "address.university",
    "pk": 1,
    "fields": {
      "created": "2023-07-19T15:13:08.968Z",
      "modified": "2023-07-19T15:13:08.968Z",
      "name": "UNIVERSIDAD POLITÉCNICA SALESIANA",
      "is_active": true,
      "country": 1
    }
  },
  {
    "model": "address.university",
    "pk": 2,
    "fields": {
      "created": "2023-07-19T15:13:16.815Z",
      "modified": "2023-07-19T15:13:16.815Z",
      "name": "UNIVERSIDAD DEL AZUAY",
      "is_active": true,
      "country": 1
    }
  },
  {
    "model": "address.university",
    "pk": 3,
    "fields": {
      "created": "2023-07-19T15:13:22.475Z",
      "modified": "2023-07-19T15:13:26.380Z",
      "name": "UNIVERSIDAD VERACRUZANA",
      "is_active": true,
      "country": 1
    }
  },
  {
    "model": "address.university",
    "pk": 4,
    "fields": {
      "created": "2023-07-19T15:13:37.978Z",
      "modified": "2023-07-19T15:13:37.978Z",
      "name": "INSTITUTO TECNOLÓGICO DE AGUASCALIENTES",
      "is_active": true,
      "country": 2
    }
  },
  {
    "model": "address.university",
    "pk": 5,
    "fields": {
      "created": "2023-07-19T15:13:47.159Z",
      "modified": "2023-07-19T15:13:47.159Z",
      "name": "UNIVERSIDAD DE ALCALÁ",
      "is_active": true,
      "country": 3
    }
  },
  {
    "model": "address.campus",
    "pk": 1,
    "fields": {
      "created": "2023-07-19T15:14:26.743Z",
      "modified": "2023-07-19T15:14:26.743Z",
      "name": "CAMPUS EL VECINO",
      "address": "Calle Vieja 12 - 30 y Elia Liut",
      "is_active": true,
      "university": 1,
      "city": 1
    }
  },
  {
    "model": "address.campus",
    "pk": 2,
    "fields": {
      "created": "2023-07-19T15:14:57.141Z",
      "modified": "2023-07-19T15:14:57.141Z",
      "name": "CAMPUS EL GIRÓN",
      "address": "Av. Isabel La Católica N. 23-52 y Madrid",
      "is_active": true,
      "university": 1,
      "city": 2
    }
  },
  {
    "model": "address.campus",
    "pk": 3,
    "fields": {
      "created": "2023-07-19T15:15:08.176Z",
      "modified": "2023-07-19T15:15:08.176Z",
      "name": "CAMPUS SUR",
      "address": "Rumichaca y Morán Valverde s/n",
      "is_active": true,
      "university": 1,
      "city": 2
    }
  },
  {
    "model": "address.campus",
    "pk": 4,
    "fields": {
      "created": "2023-07-19T15:16:31.046Z",
      "modified": "2023-07-19T15:17:09.256Z",
      "name": "EXTENSIÓN CAYAMBE:",
      "address": "Av. Natalia Jarrín N.3-85 y 9 de octubre",
      "is_active": true,
      "university": 1,
      "city": 2
    }
  },
  {
    "model": "address.campus",
    "pk": 5,
    "fields": {
      "created": "2023-07-19T15:16:44.955Z",
      "modified": "2023-07-19T15:16:44.955Z",
      "name": "CAMPUS CENTENARIO",
      "address": "Robles 107 y Chambers",
      "is_active": true,
      "university": 1,
      "city": 3
    }
  },
  {
    "model": "address.campus",
    "pk": 6,
    "fields": {
      "created": "2023-07-19T15:17:04.408Z",
      "modified": "2023-07-19T15:17:04.408Z",
      "name": "CAMPUS MARÍA AUXILIADORA",
      "address": "Km. 19 Vía a la Costa",
      "is_active": true,
      "university": 1,
      "city": 3
    }
  }
]
